make,basemodel
Acura,CL
Acura,ILX
Acura,Integra
Acura,Legend
Acura,MDX
Acura,NSX
Acura,RDX
Acura,RL
Acura,RLX
Acura,RSX
Acura,SLX
Acura,TL
Acura,TLX
Acura,TSX
Acura,Vigor
Acura,ZDX
Alfa Romeo,164
Alfa Romeo,4C
Alfa Romeo,Giulia
Alfa Romeo,GT
Alfa Romeo,GTV
Alfa Romeo,Milano
Alfa Romeo,Spider
Alfa Romeo,Stelvio
Alfa Romeo,Tonale eAWD
AM General,DJ Po Vehicle
AM General,FJ8c Post Office
AM General,Post Office DJ5
AM General,Post Office DJ8
American Motors Corporation,Eagle
ASC Incorporated,GNX
Aston Martin,DB AR1
Aston Martin,DB-7 GT
Aston Martin,DB-7 Vantage
Aston Martin,DB11
Aston Martin,DB12 V8
Aston Martin,DB7
Aston Martin,DB9
Aston Martin,DBS
Aston Martin,DBX 707
Aston Martin,DBX V8
Aston Martin,Lagonda
Aston Martin,Rapide
Aston Martin,Saloon/Vantage/Volante
Aston Martin,Valour
Aston Martin,Vanquish
Aston Martin,Vantage
Aston Martin,Vantage Manual
Aston Martin,Virage
Aston Martin,Virage/Volante
Audi,100
Audi,200
Audi,4000
Audi,5000
Audi,80/90
Audi,A3
Audi,A4
Audi,A5
Audi,A6
Audi,A7
Audi,A8
Audi,Allroad
Audi,Cabriolet
Audi,Coupe GT
Audi,Coupe quattro
Audi,e-tron
Audi,e-tron GT
Audi,e-tron S
Audi,Q3
Audi,Q4 e-tron
Audi,Q5
Audi,Q7
Audi,Q8
Audi,Q8 e-tron
Audi,Quattro
Audi,R8
Audi,R8 Spyder
Audi,RS
Audi,RS 3
Audi,RS 4
Audi,RS 5
Audi,RS 6
Audi,RS 7
Audi,RS e-tron GT
Audi,RS Q8
Audi,S3
Audi,S4
Audi,S5
Audi,S6
Audi,S7
Audi,S8
Audi,SQ5
Audi,SQ7
Audi,SQ8
Audi,SQ8 e-tron
Audi,TT
Audi,TT Coupe
Audi,TT Roadster
Audi,TT RS
Audi,TTS
Audi,TTS Coupe
Audi,V8
Aurora Cars Ltd,Aurora
Autokraft Limited,A.C.MARK IV
Autokraft Limited,A.C.Mkiv
Avanti Motor Corporation,Avanti II
Azure Dynamics,Transit Connect Electric Van/Wagon
Bentley,Arnage
Bentley,Azure
Bentley,Bentayga
Bentley,Brooklands
Bentley,Continental
Bentley,Continental Flying Spur
Bentley,Continental GT Convertible
Bentley,Continental Supersports
Bentley,Continental Supersports Convertible
Bentley,Flying Spur
Bentley,Mulsanne
Bentley,Turbo RT
Bertone,X1/9
Bill Dovell Motor Car Company,Dovell 230CE
Bill Dovell Motor Car Company,Dovell 230E
Bitter Gmbh and Co. Kg,Bitter SC
Bitter Gmbh and Co. Kg,SC
BMW,1 Series
BMW,2 Series
BMW,3 Series
BMW,4 Series
BMW,5 Series
BMW,6 Series
BMW,7 Series
BMW,8 Series
BMW,Active E
BMW,ActiveHybrid X6
BMW,i3
BMW,i4
BMW,i5
BMW,i7
BMW,i8
BMW,iX
BMW,M
BMW,X1
BMW,X2
BMW,X3
BMW,X4
BMW,X5
BMW,X6
BMW,X7
BMW,XM
BMW,Z3
BMW,Z4
BMW,Z8
BMW Alpina,7 Series
BMW Alpina,Roadster
Bugatti,Chiron
Bugatti,Divo
Bugatti,Veyron
Buick,Cascada
Buick,Century
Buick,Century Estate Wagon
Buick,Century Wagon
Buick,Coachbuilder Wagon
Buick,Electra Estate Wagon
Buick,Electra/Park Avenue
Buick,Enclave
Buick,Encore
Buick,Envision
Buick,Envista
Buick,Estate Wagon
Buick,Funeral Coach/Hearse
Buick,LaCrosse
Buick,Lacrosse/Allure
Buick,LeSabre
Buick,LeSabre/Electra Wagon
Buick,Lucerne
Buick,Park Avenue
Buick,Rainier
Buick,Reatta
Buick,Regal
Buick,Regal/Century
Buick,Rendezvous
Buick,Riviera
Buick,Roadmaster
Buick,Skyhawk
Buick,Skylark
Buick,Somerset Regal
Buick,Somerset/Skylark
Buick,Terraza
Buick,Verano
BYD,e6
Cadillac,Allante
Cadillac,Armored Deville
Cadillac,Armored DTS
Cadillac,ATS
Cadillac,ATS-V
Cadillac,Brougham
Cadillac,Brougham/DeVille
Cadillac,Catera
Cadillac,Cimarron
Cadillac,Commercial Chassis
Cadillac,CT4
Cadillac,CT5
Cadillac,CT6
Cadillac,CTS
Cadillac,CTS-V
Cadillac,DeVille
Cadillac,DeVille/60 Special
Cadillac,DeVille/Concourse
Cadillac,DTS
Cadillac,Eldorado
Cadillac,ELR
Cadillac,Escalade
Cadillac,Fleetwood
Cadillac,Fleetwood Brougham
Cadillac,Fleetwood/DeVille
Cadillac,Funeral Coach/Hearse
Cadillac,Limousine
Cadillac,LYRIQ
Cadillac,Seville
Cadillac,SRX
Cadillac,STS
Cadillac,STS-V
Cadillac,XLR
Cadillac,XLR-V
Cadillac,XT4
Cadillac,XT5
Cadillac,XT6
Cadillac,XTS
Cadillac,XTS Hearse
Cadillac,XTS Limo
CCC Engineering,Duntov GT
Chevrolet,Astro Cargo
Chevrolet,Astro Passenger
Chevrolet,Avalanche
Chevrolet,Aveo
Chevrolet,Beretta
Chevrolet,Blazer
Chevrolet,Bolt EUV
Chevrolet,Bolt EV
Chevrolet,C10 Pickup
Chevrolet,C1500 Pickup
Chevrolet,C20 Pickup
Chevrolet,C2500 Pickup
Chevrolet,Camaro
Chevrolet,Caprice
Chevrolet,Captiva
Chevrolet,Cavalier
Chevrolet,Celebrity
Chevrolet,Chevette
Chevrolet,Citation II
Chevrolet,City Express Cargo Van
Chevrolet,Classic
Chevrolet,Coachbuilder Wagon
Chevrolet,Cobalt
Chevrolet,Colorado
Chevrolet,Corsica
Chevrolet,Corvette
Chevrolet,Cruze
Chevrolet,El Camino Pickup
Chevrolet,Epica
Chevrolet,Equinox
Chevrolet,Express Cargo
Chevrolet,Express Passenger
Chevrolet,G10/20 Van
Chevrolet,G30 Van
Chevrolet,HHR
Chevrolet,Impala
Chevrolet,Impala/Caprice
Chevrolet,K10 Pickup
Chevrolet,K1500 Pickup
Chevrolet,K20 Pickup
Chevrolet,K2500 Pickup
Chevrolet,Lumina
Chevrolet,Lumina Minivan
Chevrolet,Lumina/APV Minivan
Chevrolet,Lumina/Monte Carlo
Chevrolet,Malibu
Chevrolet,Metro
Chevrolet,Monte Carlo
Chevrolet,Nova
Chevrolet,Optra
Chevrolet,Pickup 2500
Chevrolet,Postal Cab Chassis
Chevrolet,Prizm
Chevrolet,R10 Pickup
Chevrolet,R20 (C20) Pickup
Chevrolet,S10 Cab Chassis
Chevrolet,S10 Pickup
Chevrolet,S10 Utility Body
Chevrolet,Silverado
Chevrolet,Sonic
Chevrolet,Spark
Chevrolet,Spectrum
Chevrolet,Sport Van
Chevrolet,Sprint
Chevrolet,SS
Chevrolet,SSR Pickup
Chevrolet,Suburban
Chevrolet,T10 (S10) Pickup
Chevrolet,Tahoe
Chevrolet,Tracker
Chevrolet,TrailBlazer
Chevrolet,Traverse
Chevrolet,Trax
Chevrolet,Uplander
Chevrolet,V10 (K10) Pickup
Chevrolet,V20 Pickup
Chevrolet,Van 15/25 Conversion
Chevrolet,Van 1500
Chevrolet,Van 1500/2500
Chevrolet,Venture
Chevrolet,Volt
Chrysler,200
Chrysler,300
Chrysler,300 SRT8
Chrysler,Aspen
Chrysler,Cirrus
Chrysler,Concorde
Chrysler,Concorde/LHS
Chrysler,Conquest
Chrysler,Crossfire
Chrysler,E Class/New Yorker
Chrysler,Executive Sedan/Limousine
Chrysler,Fifth Avenue/Imperial
Chrysler,Imperial/New Yorker Fifth Avenue
Chrysler,JX/JXI/Limited Convertible
Chrysler,Laser
Chrysler,Laser/Daytona
Chrysler,LeBaron
Chrysler,LHS
Chrysler,Limousine
Chrysler,New Yorker
Chrysler,New Yorker Fifth Avenue/Imperial
Chrysler,New Yorker/5th Avenue
Chrysler,New Yorker/LHS
Chrysler,Newport/Fifth Avenue
Chrysler,Pacifica
Chrysler,Prowler
Chrysler,PT Cruiser
Chrysler,QC Car
Chrysler,Sebring
Chrysler,TC
Chrysler,Town and Country
Chrysler,Town and Country/Voyager/Grand Voyager
Chrysler,Voyager
Chrysler,Voyager/Town and Country
CODA Automotive,CODA
Consulier Industries Inc,Consulier GTP
CX Automotive,CX
CX Automotive,Cxestate
CX Automotive,XM
Dabryan Coach Builders Inc,WB
Dacia,Coupe
Dacia,Sedan
Dacia,Station Wagon
Daewoo,Kalos
Daewoo,Lacetti
Daewoo,Lanos
Daewoo,Leganza
Daewoo,Magnus
Daewoo,Nubira
Daihatsu,Charade
Daihatsu,Rocky
Dodge,600
Dodge,Aries
Dodge,Avenger
Dodge,B150/B250 Van
Dodge,B150/B250 Wagon
Dodge,B1500 Van
Dodge,B1500 Wagon
Dodge,B1500/B2500 Van
Dodge,B1500/B2500 Wagon
Dodge,B2500 Van
Dodge,B2500 Wagon
Dodge,B350 Van
Dodge,B350 Wagon
Dodge,B3500 Van
Dodge,B3500 Wagon
Dodge,Caliber
Dodge,Caravan C/V/Grand Caravan
Dodge,Caravan/Grand Caravan
Dodge,Caravan/Grand Caravan/Ram Van
Dodge,Caravan/Ram Van
Dodge,Challenger
Dodge,Charger
Dodge,Colt
Dodge,Conquest
Dodge,CSX
Dodge,D100/D150 Pickup
Dodge,D250 Cab Chassis
Dodge,D250 Pickup
Dodge,D250 Pickup Cab Chassis
Dodge,Dakota Cab Chassis
Dodge,Dakota Pickup
Dodge,Dart
Dodge,Daytona
Dodge,Diplomat
Dodge,Durango
Dodge,Dynasty
Dodge,GLH-S
Dodge,Grand Caravan
Dodge,Hornet
Dodge,Intrepid
Dodge,Journey
Dodge,Lancer
Dodge,Magnum
Dodge,Monaco
Dodge,Neon
Dodge,Neon/SRT-4/SX 2.0
Dodge,Nitro
Dodge,Omni
Dodge,Power Ram 50 Pickup
Dodge,Raider
Dodge,Ram 1500 Pickup
Dodge,Ram 2500 Pickup
Dodge,Ram 50 Pickup
Dodge,Ram Van 1500
Dodge,Ram Van 2500
Dodge,Ram Wagon 1500
Dodge,Ram Wagon 2500
Dodge,Ramcharger
Dodge,Rampage Pickup
Dodge,Shadow
Dodge,Spirit
Dodge,Stealth
Dodge,Stratus
Dodge,Viper
Dodge,W100/W150 Pickup
Dodge,W250 Pickup
"E. P. Dutton, Inc.",Funeral Coach
Eagle,Medallion
Eagle,Premier
Eagle,Renault Medallion
Eagle,Summit
Eagle,Talon
Eagle,Vision
Eagle,Wagon
Environmental Rsch and Devp Corp,ERD 1
Evans Automobiles,Series 1
Excalibur Autos,Phaeton
Federal Coach,24E
Federal Coach,85J
Federal Coach,Eagle
Federal Coach,Formal
Federal Coach,Heritage
Federal Coach,Lincoln 100J
Federal Coach,Lincoln 24E
Federal Coach,Lincoln 85J
Federal Coach,Lincoln Eagle/Windsor
Federal Coach,Lincoln Eaton
Federal Coach,Lincoln Stratford
Federal Coach,Renaissance
Federal Coach,Six Door
Federal Coach,Windsor
Ferrari,296 GTB
Ferrari,296 GTB Spider
Ferrari,3.2 Mondial/Cabriolet
Ferrari,308
Ferrari,328 GTS/GTB
Ferrari,348 TB/TS
Ferrari,360 Modena/Modena F1
Ferrari,360 Modena/Spider
Ferrari,360 Modena/Spider/Challenge
Ferrari,456 MGT/MGA
Ferrari,458 Italia
Ferrari,458 Speciale
Ferrari,458 Spider
Ferrari,488 GTB
Ferrari,488 Pista
Ferrari,488 Pista Spider
Ferrari,488 Spider
Ferrari,550 Maranello
Ferrari,550 Maranello/Barchetta
Ferrari,575
Ferrari,575 M Maranello
Ferrari,575 M Maranello and Superamerica
Ferrari,599 GTB
Ferrari,599 GTB Fiorano
Ferrari,599 GTO
Ferrari,599 SA Aperta
Ferrari,612 Scaglietti
Ferrari,812 Competizione
Ferrari,812 GTS
Ferrari,812 Superfast
Ferrari,California
Ferrari,California T
Ferrari,Daytona SP3
Ferrari,Enzo Ferrari
Ferrari,F 40
Ferrari,F12
Ferrari,F12 Berlinetta
Ferrari,F12 tdf
Ferrari,F141
Ferrari,F175 AHA
Ferrari,F355/355 F1
Ferrari,F40
Ferrari,F430
Ferrari,F60 America
Ferrari,F8 Spider
Ferrari,F8 Tributo
Ferrari,Ferrari 348 TB/TS
Ferrari,Ferrari 348 TB/TS/Spider
Ferrari,Ferrari 456
Ferrari,Ferrari 512 TR
Ferrari,Ferrari 550 Maranello
Ferrari,Ferrari F355
Ferrari,Ferrari F355 Berlinetta/GTS
Ferrari,Ferrari F355/355 F1
Ferrari,Ferrari F50
Ferrari,Ferrari F512M
Ferrari,Ferrari Mondial T/Cabriolet
Ferrari,FF
Ferrari,GTC4Lusso
Ferrari,LaFerrari
Ferrari,Mondial
Ferrari,Mondial T/Cabriolet
Ferrari,Mondial/Cabriolet
Ferrari,Monza SP1
Ferrari,Monza SP2
Ferrari,Portofino
Ferrari,Purosangue
Ferrari,Roma
Ferrari,SF90 Spider
Ferrari,SF90 Stradale
Ferrari,SF90 Stradale Coupe
Ferrari,Testarossa
Fiat,124 Spider
Fiat,500
Fiat,500 L
Fiat,500 X
Fiat,500e
Fisker,Karma
Fisker,Ocean
Ford,Aerostar Van
Ford,Aerostar Wagon
Ford,Aspire
Ford,Bronco
Ford,Bronco II
Ford,Bronco Sport
Ford,C-MAX
Ford,Contour
Ford,Courier
Ford,Crown Victoria
Ford,E150 Club Wagon
Ford,E150 Econoline
Ford,E150 Van
Ford,E150 Wagon
Ford,E250 Econoline
Ford,E250 Van
Ford,E350 Van
Ford,E350 Wagon
Ford,EcoSport
Ford,Edge
Ford,Escape
Ford,Escort
Ford,EXP
Ford,Expedition
Ford,Explorer
Ford,F-150 Lightning
Ford,F150
Ford,F250
Ford,Festiva
Ford,Fiesta
Ford,Five Hundred
Ford,Flex
Ford,Focus
Ford,Freestar
Ford,Freestyle
Ford,Fusion
Ford,GT
Ford,Laser
Ford,LTD
Ford,LTD Crown Victoria
Ford,LTD Crown Victoria/Country Squire Wagon
Ford,Maverick
Ford,Mustang
Ford,Mustang Mach-E
Ford,Postal Vehicle
Ford,Probe
Ford,Ranger
Ford,Taurus
Ford,Tempo
Ford,Th!nk
Ford,Thunderbird
Ford,Transit Connect
Ford,Transit T150 Wagon
Ford,Windstar
General Motors,Coachbuilder Wagon
Genesis,G70
Genesis,G80
Genesis,G90
Genesis,GV60
Genesis,GV70
Genesis,GV80
Geo,Metro
Geo,Prizm
Geo,Spectrum
Geo,Storm
Geo,Tracker
GMC,Acadia
GMC,C2500 Sierra
GMC,Caballero Pickup
GMC,Canyon
GMC,Envoy
GMC,EV1
GMC,Hummer EV
GMC,Jimmy
GMC,K2500 Sierra
GMC,Pickup
GMC,Rally
GMC,S15 Cab Chassis
GMC,S15 Pickup
GMC,S15 Utility Body
GMC,Safari
GMC,Safari Cargo
GMC,Safari Passenger
GMC,Savana Cargo
GMC,Savana Passenger
GMC,Sierra
GMC,Sonoma
GMC,Suburban
GMC,Terrain
GMC,Vandura
GMC,Yukon
Goldacre,Goldacre Limited
Grumman Allied Industries,LLV
Grumman Olson,Kubvan
Honda,Accord
Honda,Civic
Honda,Clarity
Honda,CR-V
Honda,CR-Z
Honda,Crosstour
Honda,Del Sol
Honda,Element
Honda,EV Plus
Honda,Fit
Honda,HR-V
Honda,Insight
Honda,Odyssey
Honda,Passport
Honda,Pilot
Honda,Prelude
Honda,Prologue
Honda,Ridgeline
Honda,S2000
Hummer,H3
Hummer,H3T
Hyundai,Accent
Hyundai,Accent/Brio
Hyundai,Azera
Hyundai,Elantra
Hyundai,Entourage
Hyundai,Equus
Hyundai,Excel
Hyundai,Genesis
Hyundai,Ioniq
Hyundai,Ioniq 5
Hyundai,Ioniq 6
Hyundai,J-Car/Elantra
Hyundai,Kona
Hyundai,Nexo
Hyundai,Palisade
Hyundai,Pony Excel
Hyundai,Precis
Hyundai,Santa Cruz
Hyundai,Santa Fe
Hyundai,Scoupe
Hyundai,Sonata
Hyundai,Tiburon
Hyundai,Tucson
Hyundai,Veloster
Hyundai,Venue
Hyundai,Veracruz
Hyundai,XG
Import Foreign Auto Sales Inc,1fas 410
Import Trade Services,BMW 325I
Import Trade Services,ITS 190E
Import Trade Services,ITS 190E 2.0
Import Trade Services,ITS 190E 2.3
Import Trade Services,ITS 200TE
Import Trade Services,ITS 230CE
Import Trade Services,ITS 230TE
Import Trade Services,ITS 320
Import Trade Services,ITS 520
Import Trade Services,MB 300E
Import Trade Services,MB 300SL
INEOS Automotive,Grenadier
Infiniti,EX35
Infiniti,EX37
Infiniti,FX35
Infiniti,FX37
Infiniti,FX45
Infiniti,FX50
Infiniti,G20
Infiniti,G25
Infiniti,G35
Infiniti,G37
Infiniti,I30
Infiniti,I35
Infiniti,J30
Infiniti,JX35
Infiniti,M30
Infiniti,M35
Infiniti,M37
Infiniti,M45
Infiniti,M56
Infiniti,Q40
Infiniti,Q45
Infiniti,Q50
Infiniti,Q60
Infiniti,Q70
Infiniti,QX30
Infiniti,QX4
Infiniti,QX50
Infiniti,QX55
Infiniti,QX56
Infiniti,QX60
Infiniti,QX70
Infiniti,QX80
Isis Imports Ltd,Morgan Plus 8
Isuzu,750C/I-Mark
Isuzu,Amigo
Isuzu,Ascender
Isuzu,Axiom
Isuzu,Hombre Pickup
Isuzu,i-280 Extended Cab
Isuzu,i-290 Extended Cab
Isuzu,i-350 Crew Cab
Isuzu,i-370 Crew Cab
Isuzu,i-370 Extended Cab
Isuzu,I-Mark
Isuzu,Impulse
Isuzu,Oasis
Isuzu,Pickup
Isuzu,Rodeo
Isuzu,Stylus
Isuzu,Trooper
Isuzu,Vehicross
J.K. Motors,190E 2.3 MERC BENZ
J.K. Motors,230E MERC BENZ
J.K. Motors,300CE MERC BENZ
J.K. Motors,300E MERC BENZ
J.K. Motors,300SL
J.K. Motors,300SL MERC BENZ
J.K. Motors,300TE MERC BENZ
J.K. Motors,BMW535I
J.K. Motors,BMW635CSI
J.K. Motors,BMW635L6
J.K. Motors,BMW735I
J.K. Motors,BMW735IL
J.K. Motors,MERC BENZ 300CE
J.K. Motors,MERC BENZ 300E
J.K. Motors,MERC BENZ 300SE
J.K. Motors,MERC BENZ 300SEL
J.K. Motors,MERC BENZ 300TE
J.K. Motors,MERC.BENZ 260E
J.K. Motors,MERC.BENZ.300SE
J.K. Motors,PORSCHE 928 S4
J.K. Motors,Testarossa
Jaguar,E-Pace
Jaguar,F-Pace
Jaguar,F-Type
Jaguar,I-Pace
Jaguar,S-type
Jaguar,Super V8
Jaguar,Vanden Plas
Jaguar,Vdp
Jaguar,X-Type
Jaguar,XE
Jaguar,XF
Jaguar,XJ
Jaguar,XJL
Jaguar,XJR
Jaguar,XJRS
Jaguar,XJS
Jaguar,XK
Jaguar,XK8
Jaguar,XKR
"JBA Motorcars, Inc.",W-126/4 Series
Jeep,Cherokee
Jeep,Cherokee/Wagoneer
Jeep,CJ
Jeep,Comanche
Jeep,Comanche Pickup
Jeep,Commander
Jeep,Compass
Jeep,Gladiator
Jeep,Gladiator Pickup
Jeep,Grand Cherokee
Jeep,Grand Wagoneer
Jeep,J-10 Pickup
Jeep,J-20 Pickup
Jeep,Liberty
Jeep,Liberty/Cherokee
Jeep,Patriot
Jeep,Renegade
Jeep,Scrambler
Jeep,Scrambler Pickup
Jeep,Wagoneer
Jeep,Wrangler
Jeep,Wrangler/TJ
Kandi,K27
Karma,GS-6
Karma,Revero
Kenyon Corporation Of America,Kenyon 5.0 Cabrio
Kenyon Corporation Of America,Kenyon 5.0 Coupe
Kenyon Corporation Of America,Kenyon 5.0 Sedan
Kenyon Corporation Of America,Kenyon 5.0 Sp Sedan
Kia,Amanti
Kia,Borrego
Kia,Cadenza
Kia,Carnival
Kia,EV6
Kia,EV9
Kia,Forte
Kia,K5
Kia,K900
Kia,Niro
Kia,Optima
Kia,Rio
Kia,Rondo
Kia,Sedona
Kia,Seltos
Kia,Sephia
Kia,Sephia/Spectra
Kia,Sorento
Kia,Soul
Kia,Spectra
Kia,Sportage
Kia,Stinger
Kia,Telluride
Koenigsegg,Agera RS
Koenigsegg,Regera
Laforza Automobile Inc,Laforza
Lambda Control Systems,300E
Lamborghini,Aventador
Lamborghini,Countach
Lamborghini,Diablo
Lamborghini,Gallardo
Lamborghini,Huracan
Lamborghini,Murcielago
Lamborghini,Urus
Lamborghini,Veneno
Land Rover,Defender
Land Rover,Discovery
Land Rover,Discovery Sport
Land Rover,Evoque
Land Rover,Freelander
Land Rover,LR2
Land Rover,LR3
Land Rover,LR4
Land Rover,Range Rover
Lexus,CT
Lexus,ES
Lexus,GS
Lexus,GX
Lexus,HS
Lexus,IS
Lexus,IS F
Lexus,LC
Lexus,LFA
Lexus,LS
Lexus,LX
Lexus,NX
Lexus,RC
Lexus,RC F
Lexus,RX
Lexus,RZ
Lexus,SC
Lexus,TX
Lexus,UX
Lincoln,Aviator
Lincoln,Blackwood
Lincoln,Continental
Lincoln,Corsair
Lincoln,LS
Lincoln,Mark LT
Lincoln,Mark VII
Lincoln,Mark VIII
Lincoln,MKC
Lincoln,MKS
Lincoln,MKT
Lincoln,MKX
Lincoln,MKZ
Lincoln,Nautilus
Lincoln,Navigator
Lincoln,Town Car
Lincoln,Zephyr
London Coach Co Inc,London Taxi
London Taxi,London Taxi
Lordstown,Endurance
Lotus,Elan
Lotus,Elise/Exige
Lotus,Emira
Lotus,Esprit
Lotus,Evora
Lucid,Air
Mahindra,TR40
Maserati,222E
Maserati,225
Maserati,228
Maserati,430
Maserati,Biturbo
Maserati,Biturbo Spyder
Maserati,Coupe and Gransport
Maserati,Coupe Cambiocorsa/coupe GT
Maserati,Coupe Cambiocorsa/GT/G-Sport
Maserati,Ghibli
Maserati,Grancabrio
Maserati,GranTurismo
Maserati,Grecale
Maserati,Karif
Maserati,Levante
Maserati,MC20
Maserati,Q
Maserati,Quattroporte
Maserati,Spyder
Maybach,57
Maybach,62
Maybach,Landaulet
Mazda,2
Mazda,3
Mazda,323
Mazda,323 Protege
Mazda,5
Mazda,6
Mazda,626
Mazda,626/MX-6
Mazda,929
Mazda,B Pickup
Mazda,CX-3
Mazda,CX-30
Mazda,CX-5
Mazda,CX-50
Mazda,CX-7
Mazda,CX-9
Mazda,CX-90
Mazda,GLC
Mazda,Millenia
Mazda,MPV
Mazda,MX-3
Mazda,MX-30
Mazda,MX-5
Mazda,MX-5 Miata
Mazda,MX-6
Mazda,Navajo
Mazda,Protege
Mazda,Protege/Protege 5
Mazda,Protege/Protege MPS
Mazda,RX-7
Mazda,RX-8
Mazda,Speed 3
Mazda,Tribute
Mcevoy Motors,240 DL/240 GL Sedan
Mcevoy Motors,240 DL/240 GL Wagon
Mcevoy Motors,740 GLE Sedan
Mcevoy Motors,740 GLE Wagon
McLaren Automotive,540C Coupe
McLaren Automotive,570GT
McLaren Automotive,570S Coupe
McLaren Automotive,570S Spider
McLaren Automotive,600LT Coupe
McLaren Automotive,600LT Spider
McLaren Automotive,620R Coupe
McLaren Automotive,650S Can-Am
McLaren Automotive,650S Coupe
McLaren Automotive,650S Spider
McLaren Automotive,675LT Coupe
McLaren Automotive,675LT Spider
McLaren Automotive,720S Coupe
McLaren Automotive,720S Spider
McLaren Automotive,765LT Coupe
McLaren Automotive,765LT Spider
McLaren Automotive,Artura
McLaren Automotive,Elva
McLaren Automotive,GT
McLaren Automotive,MP4-12C Coupe
McLaren Automotive,MP4-12C Spider
McLaren Automotive,MSO HS
McLaren Automotive,P1
McLaren Automotive,Sabre
McLaren Automotive,Senna
McLaren Automotive,Speedtail
Mercedes-Benz,190
Mercedes-Benz,200
Mercedes-Benz,230
Mercedes-Benz,260
Mercedes-Benz,300
Mercedes-Benz,350
Mercedes-Benz,380
Mercedes-Benz,400
Mercedes-Benz,420
Mercedes-Benz,500
Mercedes-Benz,560
Mercedes-Benz,600
Mercedes-Benz,A-Class
Mercedes-Benz,AMG GT
Mercedes-Benz,B-Class Electric Drive
Mercedes-Benz,C-Class
Mercedes-Benz,CL-Class
Mercedes-Benz,CLA-Class
Mercedes-Benz,CLE-Class
Mercedes-Benz,CLK-Class
Mercedes-Benz,CLS-Class
Mercedes-Benz,E-Class
Mercedes-Benz,EQB
Mercedes-Benz,EQE
Mercedes-Benz,EQS
Mercedes-Benz,G-Class
Mercedes-Benz,GL-Class
Mercedes-Benz,GLA-Class
Mercedes-Benz,GLB-Class
Mercedes-Benz,GLC-Class
Mercedes-Benz,GLE-Class
Mercedes-Benz,GLK-Class
Mercedes-Benz,GLS-Class
Mercedes-Benz,Maybach
Mercedes-Benz,Metris Cargo
Mercedes-Benz,Metris Passenger
Mercedes-Benz,ML-Class
Mercedes-Benz,R-Class
Mercedes-Benz,S-Class
Mercedes-Benz,SL-Class
Mercedes-Benz,SLC-Class
Mercedes-Benz,SLK-Class
Mercedes-Benz,SLR
Mercedes-Benz,SLS AMG
Mercury,Capri
Mercury,Cougar
Mercury,Grand Marquis
Mercury,Lynx
Mercury,Marauder
Mercury,Mariner
Mercury,Marquis
Mercury,Milan
Mercury,Montego
Mercury,Monterey
Mercury,Mountaineer
Mercury,Mystique
Mercury,Sable
Mercury,Topaz
Mercury,Tracer
Mercury,Villager
Merkur,Scorpio
Merkur,XR4Ti
MINI,Clubman
MINI,Cooper
MINI,Countryman
MINI,John Cooper Works
MINI,MiniE
MINI,Paceman
MINI,Roadster
Mitsubishi,3000 GT
Mitsubishi,3000 GT Spyder
Mitsubishi,Cordia
Mitsubishi,Diamante
Mitsubishi,Eclipse
Mitsubishi,Eclipse Cross
Mitsubishi,Endeavor
Mitsubishi,Expo
Mitsubishi,Galant
Mitsubishi,i-MiEV
Mitsubishi,Lancer
Mitsubishi,Mirage
Mitsubishi,Montero
Mitsubishi,Montero Sport
Mitsubishi,Nativa
Mitsubishi,Outlander
Mitsubishi,Precis
Mitsubishi,Raider Pickup
Mitsubishi,Sigma
Mitsubishi,Space Wagon
Mitsubishi,Starion
Mitsubishi,Tredia
Mitsubishi,Truck
Mitsubishi,Van
Mitsubishi,Wagon
Mobility Ventures LLC,MV-1
Morgan,Plus Eight
Nissan,200SX
Nissan,240SX
Nissan,300ZX
Nissan,350z
Nissan,370Z
Nissan,Altima
Nissan,Altima / Stanza
Nissan,Altra EV
Nissan,ARIYA
Nissan,Armada
Nissan,Axxess
Nissan,Cube
Nissan,Frontier
Nissan,GT-R
Nissan,Hardbody
Nissan,Hyper-Mini
Nissan,Juke
Nissan,Kicks
Nissan,LEAF
Nissan,Maxima
Nissan,Murano
Nissan,NV200 Cargo Van
Nissan,NV200 NYC Taxi
Nissan,NX
Nissan,Pathfinder
Nissan,Pickup
Nissan,Pulsar NX
Nissan,Pulsar/Pulsar-NX
Nissan,Quest
Nissan,Rogue
Nissan,Rogue Sport
Nissan,Sentra
Nissan,Sentra/200SX
Nissan,Stanza
Nissan,Titan
Nissan,Truck
Nissan,Van
Nissan,Versa
Nissan,Xterra
Nissan,Z
Oldsmobile,Achieva
Oldsmobile,Alero
Oldsmobile,Aurora
Oldsmobile,Bravada
Oldsmobile,Calais
Oldsmobile,Ciera
Oldsmobile,Custom Cruiser
Oldsmobile,Cutlass
Oldsmobile,Cutlass Calais
Oldsmobile,Cutlass Ciera
Oldsmobile,Cutlass Cruiser
Oldsmobile,Cutlass Supreme
Oldsmobile,Delta 88
Oldsmobile,Delta 88 Royale
Oldsmobile,Eighty-Eight
Oldsmobile,Eighty-Eight/Regency
Oldsmobile,Eighty-Eight/Regency/LSS
Oldsmobile,Firenza
Oldsmobile,Intrigue
Oldsmobile,Ninety-Eight
Oldsmobile,Ninety-Eight II
Oldsmobile,Ninety-Eight Regency
Oldsmobile,Ninety-Eight/Touring
Oldsmobile,Omega
Oldsmobile,Silhouette
Oldsmobile,Toronado
Oldsmobile,Trofeo/Toronado
Pagani,Huayra
Pagani,Huayra Coupe
Panos,Roadster
Panoz Auto-Development,Panoz Roadster
Panther Car Company Limited,Kallista
PAS Inc - GMC,Pas-Syclone
PAS Inc - GMC,Pas-typhoon
"PAS, Inc",Pas-Syclone
"PAS, Inc",Pas-Typhoon
Peugeot,405
Peugeot,505
Peugeot,604
Pininfarina,Spider
Plymouth,Acclaim
Plymouth,Breeze
Plymouth,Caravelle
Plymouth,Colt
Plymouth,Conquest
Plymouth,Gran Fury
Plymouth,Horizon
Plymouth,Laser
Plymouth,Neon
Plymouth,Prowler
Plymouth,Reliant
Plymouth,Sundance
Plymouth,Sundance/Duster
Plymouth,Turismo
Plymouth,Voyager
Plymouth,Voyager/Grand Voyager
Polestar,1
Polestar,2
Pontiac,1000
Pontiac,6000
Pontiac,Aztek
Pontiac,Bonneville
Pontiac,Fiero
Pontiac,Firebird/Trans Am/Formula
Pontiac,Firefly
Pontiac,G3
Pontiac,G5
Pontiac,G6
Pontiac,G8
Pontiac,Grand Am
Pontiac,Grand Prix
Pontiac,GTO
Pontiac,Lemans
Pontiac,Montana
Pontiac,Monterey
Pontiac,Parisienne
Pontiac,Phoenix
Pontiac,Safari
Pontiac,Solstice
Pontiac,Sunbird
Pontiac,Sunburst
Pontiac,Sunfire
Pontiac,Torrent
Pontiac,Trans Sport/Montana
Pontiac,Vibe
Pontiac,Wave
Porsche,718
Porsche,911
Porsche,918 Spyder
Porsche,924
Porsche,928
Porsche,944
Porsche,968
Porsche,Boxster
Porsche,Carrera
Porsche,Carrera 2 911 GT3
Porsche,Carrera 2 Cabriolet
Porsche,Carrera 2 Cabriolet Kit
Porsche,Carrera 2 Coupe
Porsche,Carrera 2 Coupe Kit
Porsche,Carrera 2 S Cabriolet
Porsche,Carrera 2 S Coupe
Porsche,Carrera 4
Porsche,Carrera 4 Cabriolet
Porsche,Carrera 4 Cabriolet Kit
Porsche,Carrera 4 Coupe
Porsche,Carrera 4 S
Porsche,Carrera 4 S Cabriolet
Porsche,Carrera 4 S Cabriolet Kit
Porsche,Carrera 4 S Coupe
Porsche,Carrera 4 S Kit
Porsche,Carrera 4 S Targa
Porsche,Carrera 4 Targa
Porsche,Carrera GT
Porsche,Cayenne
Porsche,Cayman
Porsche,Macan
Porsche,New 911 Carrera
Porsche,Panamera
Porsche,Targa
Porsche,Taycan
Porsche,Turbo
Porsche,Turbo 2 911 GT2
Porsche,Turbo 4 911
Porsche,Turbo 4 911 Cab
Porsche,Turbo 4 911 Cab Kit
Porsche,Turbo 4 911 Kit
Porsche,Turbo 4 911 S
Porsche,Turbo 4 911 Turbo
Porsche,Turbo 4 911 Turbo Cab S
Porsche,Turbo GT2
Porsche,Turbo Kit
Quantum Technologies,Chevrolet Cavalier
Qvale,Detomaso Mangusta
Ram,1500
Ram,C/V
Ram,Promaster City
Red Shift Ltd.,Delta 204T
Renault,18i/Wagon/Sportwagon
Renault,Alliance/Encore
Renault,Fuego
Renault,GTA
Rivian,R1S
Rivian,R1T
Rolls-Royce,Azure
Rolls-Royce,Brooklands/Turbo R
Rolls-Royce,Camargue
Rolls-Royce,Corniche/Continental
Rolls-Royce,Cullinan
Rolls-Royce,Dawn
Rolls-Royce,Eight/Mulsan/Mulsanne
Rolls-Royce,Flying Spur
Rolls-Royce,Ghost
Rolls-Royce,Limousine
Rolls-Royce,Park Ward
Rolls-Royce,Phantom
Rolls-Royce,Silver Dawn
Rolls-Royce,Silver Seraph
Rolls-Royce,Silver Spirit II/Silver Spur
Rolls-Royce,Silver Spirit III/Spur III
Rolls-Royce,Silver Spirit/Silver Spur
Rolls-Royce,Silver Spirit/Spur/Mulsanne
Rolls-Royce,Silver Spur
Rolls-Royce,Silver Spur II Mpw Touring L
Rolls-Royce,Silver Spur III Limousine
Rolls-Royce,Silver Spur Limousine
Rolls-Royce,Silver Spur Park Ward
Rolls-Royce,Silver Spur/Silver Dawn
Rolls-Royce,Spectre
Rolls-Royce,Spirit III/Spur III/Dawn
Rolls-Royce,Wraith
Roush Performance,F150
Roush Performance,Mustang
Roush Performance,Stage 3 Mustang
RUF Automobile,RUF TURBO 12/CTR3
RUF Automobile,RUFTURBO12/CTR3/CTR2017
RUF Automobile,T12/CTR3/CTR Anniversary
RUF Automobile,TURBO12/CTR3/CTR ANNIVERSARY
Ruf Automobile Gmbh,Ruf
S and S Coach Company  E.p. Dutton,Funeral Coach
Saab,9-2
Saab,9-3
Saab,9-4
Saab,9-5
Saab,9-7
Saab,900
Saab,9000
Saab,Convertible
Saleen,Mustang
Saleen,SSC
Saleen Performance,F150 Supercharged
Saleen Performance,S281 Family
Saleen Performance,S331 Family
Saturn,Astra
Saturn,Aura
Saturn,Ion
Saturn,L100/200
Saturn,L300
Saturn,LS
Saturn,LW
Saturn,Outlook
Saturn,Relay
Saturn,SC
Saturn,SKY
Saturn,SL
Saturn,SW
Saturn,Vue
Scion,FR-S
Scion,iA
Scion,iM
Scion,iQ
Scion,tC
Scion,xA
Scion,xB
Scion,xD
Shelby,Mustang GT
smart,fortwo
Spyker,C8
SRT,Viper
Sterling,825
Sterling,827
STI,S209
Subaru,Ascent
Subaru,Baja
Subaru,Brat
Subaru,BRZ
Subaru,Crosstrek
Subaru,Forester
Subaru,Hatchback
Subaru,Impreza
Subaru,Impreza/Outback Sport
Subaru,Justy
Subaru,Legacy
Subaru,Legacy/Outback
Subaru,Loyale
Subaru,Outback
Subaru,RX Turbo
Subaru,Sedan
Subaru,Solterra
Subaru,SVX
Subaru,Tribeca
Subaru,Wagon
Subaru,WRX
Subaru,XT
Superior Coaches Div E.p. Dutton,Funeral Coach
Suzuki,Aerio
Suzuki,Equator
Suzuki,Esteem
Suzuki,Forenza
Suzuki,Forsa
Suzuki,Grand Vitara
Suzuki,Kizashi
Suzuki,Reno
Suzuki,SA 310
Suzuki,Samurai
Suzuki,Sidekick
Suzuki,SJ 410
Suzuki,SW
Suzuki,Swift
Suzuki,SX4
Suzuki,Verona
Suzuki,Vitara
Suzuki,X-90
Suzuki,XL7
"Tecstar, LP",Foose F150
Tesla,Model 3
Tesla,Model S
Tesla,Model X
Tesla,Model Y
Texas Coach Company,500SE
Texas Coach Company,500SEC
Texas Coach Company,500SEL
Texas Coach Company,500SL
Toyota,4Runner
Toyota,86
Toyota,Avalon
Toyota,bZ4X
Toyota,C-HR
Toyota,Cab Chassis
Toyota,Camry
Toyota,Celica
Toyota,Corolla
Toyota,Corolla Cross
Toyota,Cressida
Toyota,Crown
Toyota,Echo
Toyota,FJ Cruiser
Toyota,GR 86
Toyota,GR Supra
Toyota,Grand Highlander
Toyota,Highlander
Toyota,Land Cruiser
Toyota,Matrix
Toyota,Mirai
Toyota,MR2
Toyota,Paseo
Toyota,Previa
Toyota,Prius
Toyota,Prius c
Toyota,Prius Prime
Toyota,Prius v
Toyota,RAV4
Toyota,RAV4 Prime
Toyota,Sequoia
Toyota,Sienna
Toyota,Starlet
Toyota,Supra
Toyota,Tacoma
Toyota,Tercel
Toyota,Truck/T100
Toyota,Tundra
Toyota,Van
Toyota,Venza
Toyota,Yaris
TVR Engineering Ltd,TVR 280i Convertible
TVR Engineering Ltd,TVR 280i Coupe
TVR Engineering Ltd,TVR 280i/350i Convertible
TVR Engineering Ltd,TVR 280i/350i Coupe
Vector,Avtech SC / M12
Vector,W8
Vinfast,VF 8
Vinfast,VF 9
Vixen Motor Company,21 TD
Volga Associated Automobile,Niva
Volkswagen,Arteon
Volkswagen,Atlas
Volkswagen,Beetle
Volkswagen,Cabrio
Volkswagen,Cabriolet
Volkswagen,CC
Volkswagen,Corrado
Volkswagen,Eos
Volkswagen,Eurovan
Volkswagen,Fox
Volkswagen,GLI
Volkswagen,Golf/GTI
Volkswagen,ID.4
Volkswagen,Jetta
Volkswagen,Passat
Volkswagen,Phaeton
Volkswagen,Quantum
Volkswagen,R32
Volkswagen,Rabbit
Volkswagen,Routan
Volkswagen,Scirocco
Volkswagen,Taos
Volkswagen,Tiguan
Volkswagen,Touareg
Volkswagen,Vanagon
Volvo,240
Volvo,740/760
Volvo,780
Volvo,850
Volvo,940
Volvo,960
Volvo,960 Wagon/V90
Volvo,960/S90
Volvo,C30
Volvo,C40
Volvo,C70
Volvo,Coupe
Volvo,S40
Volvo,S60
Volvo,S70
Volvo,S80
Volvo,S90
Volvo,V40
Volvo,V50
Volvo,V60
Volvo,V70
Volvo,V70 XC
Volvo,V90
Volvo,XC40
Volvo,XC60
Volvo,XC70
Volvo,XC90
VPG,MV-1
Wallace Environmental,Wetl 190E
Wallace Environmental,Wetl 300
Wallace Environmental,Wetl 412
Wallace Environmental,Wetl 500
Wallace Environmental,Wetl 560
Wallace Environmental,Wetl 600 SEL
Wallace Environmental,Wetl 850I
Wallace Environmental,Wetl Testarossa
Yugo,GV Plus/GV/Cabrio
Yugo,GV/GVX
Yugo,Gy/yugo GVX
